Mon super auteur,Ma super description
Mon super auteur,Ma super description
Mon super auteur,Ma super description
Mon super auteur,Ma super description
Mon super auteur,Ma super description
Mon super auteur,Ma super description
Mon super auteur,Ma super description
Mon super auteur,Ma super description
Mon super auteur,Ma super description
Mon super auteur,Ma super description
Mon super auteur,Ma super description
super_auteur,super gossip
gtr,salut 
gtr,salut 
gtr,salut 
test2,testy2
test3,testy3
Jean,L'autre est un autre
Pascal,Il ne pleut pas
arthur,is crazy
Dernier,un dernier
great,huil
Ajout,Potin 1
test5,je teste
Audrey,Il fait beau et chaud.
